num_1,num_2,add_nums,sub_nums,mult_nums,div_nums
76.54705847,52.39122633,128.9382848,24.15583213,4010.394265,1.461066362
83.23088648,59.37527792,142.6061644,23.85560856,4941.857016,1.40177679
12.34645469,70.26171379,82.60816849,-57.9152591,867.4830661,0.175720944
84.16876479,37.67461983,121.8433846,46.49414496,3171.026215,2.234097256
84.49266877,90.71681573,175.2094845,-6.224146957,7664.905864,0.93138927
